incident_id,incident_category,optimal_time_mins
0,healthcare,0.0
1,healthcare,17.16159741697492
2,healthcare,27.806412423451146
3,fire_disaster,82.56136032716852
4,fire_disaster,76.21092335324666
5,fire_disaster,94.44755265678911
6,security,0.0
7,security,33.47283295564933
8,security,22.298234440193525
9,transport,22.28672795497815
10,transport,22.28672795497815
11,transport,0.0
12,healthcare,4.159597792388252
13,healthcare,5.188465054017194
14,healthcare,11.417569492995167
15,fire_disaster,68.24776939844931
16,fire_disaster,44.52700124994718
17,fire_disaster,68.24776939844931
18,security,31.3390953139442
19,security,54.9874417793312
20,security,44.13848158746501
21,transport,67.86143865839698
22,transport,47.57699387083183
23,transport,75.44256501724844
24,healthcare,45.156623929740505
25,healthcare,5.528667170766131
26,healthcare,19.418461175232256
27,fire_disaster,72.07013898312121
28,fire_disaster,54.68457698415158
29,fire_disaster,54.57583439660576
30,security,41.12728825912014
31,security,43.78172261371733
32,security,13.402786412415535
33,transport,63.770998196548376
34,transport,97.19635822204364
35,transport,72.39156426603593
36,healthcare,4.817245942022288
37,healthcare,28.59881405581138
38,healthcare,4.7385492332921535
39,fire_disaster,18.674885548612515
40,fire_disaster,18.596188839882377
41,fire_disaster,18.674885548612515
42,security,76.25855819278802
43,security,76.33725490151815
44,security,76.33725490151815
45,transport,26.96093508151845
46,transport,5.694811586908575
47,transport,0.0
48,healthcare,24.34035580043486
49,healthcare,15.70074354996375
50,healthcare,0.9300521406844416
51,fire_disaster,92.56313243420037
52,fire_disaster,88.21324296895709
53,fire_disaster,82.4074495988539
54,security,41.068855269674934
55,security,3.882442736948645
56,security,40.0734559383486
57,transport,1.0563972989827126
58,transport,7.7298285841597485
59,transport,2.9523905962642027
60,healthcare,4.42729952672622
61,healthcare,34.22944808783318
62,healthcare,35.73715247095107
63,fire_disaster,2.5913183419785994
64,fire_disaster,12.623103300908525
65,fire_disaster,22.187577719259753
66,security,51.232954710084435
67,security,61.268015905050724
68,security,51.232954710084435
69,transport,0.0
70,transport,3.1901975963199116
71,transport,1.0324674362622481
72,healthcare,32.60047852078157
73,healthcare,32.60047852078157
74,healthcare,34.159753428813424
75,fire_disaster,143.05139570557185
76,fire_disaster,143.05139570557185
77,fire_disaster,143.05139570557185
78,security,36.847104208824
79,security,40.23773590340109
80,security,36.847104208824
81,transport,39.6147670341026
82,transport,40.001308127568976
83,transport,0.0
84,healthcare,32.60047852078157
85,healthcare,35.73715247095107
86,healthcare,35.73715247095107
87,fire_disaster,47.93474967506162
88,fire_disaster,18.596188839882377
89,fire_disaster,18.596188839882377
90,security,65.43912914023365
91,security,8.935244501974411
92,security,76.25855819278802
93,transport,0.0
94,transport,0.0
95,transport,0.0
96,healthcare,10.364778190074544
97,healthcare,31.486648647703827
98,healthcare,15.215231198070388
99,fire_disaster,37.593728878613454
100,fire_disaster,30.09175418817687
101,fire_disaster,33.39634402477652
102,security,22.437772962239766
103,security,18.46470761624871
104,security,22.710826309323775
105,transport,26.094523851658533
106,transport,21.373048902153688
107,transport,23.49912466431241
108,healthcare,31.855809783324005
109,healthcare,29.65821519777496
110,healthcare,38.57923440050142
111,fire_disaster,27.19098525285013
112,fire_disaster,38.085307086423136
113,fire_disaster,12.88040291756235
114,security,69.16066844856228
115,security,46.33395508163264
116,security,53.90289128177133
117,transport,28.672985403323956
118,transport,70.25033355002292
119,transport,41.55628109029451
120,healthcare,58.045107736094444
121,healthcare,53.70035445653517
122,healthcare,49.19705167936808
123,fire_disaster,46.91505780800798
124,fire_disaster,42.36943274090018
125,fire_disaster,50.050930479225094
126,security,57.52139634645203
127,security,61.64427006580981
128,security,42.00433053028474
129,transport,64.14214776153855
130,transport,53.99999127400636
131,transport,48.73273199922771
132,healthcare,25.7289518162728
133,healthcare,25.870826953882055
134,healthcare,24.581382716342276
135,fire_disaster,63.41199781935775
136,fire_disaster,67.24939835531492
137,fire_disaster,67.61054044614808
138,security,14.063782407782375
139,security,21.622155899361466
140,security,13.622628719454244
141,transport,36.22693383178439
142,transport,33.121412339674606
143,transport,25.176136874722324
144,healthcare,17.792320000886757
145,healthcare,15.822582300327133
146,healthcare,27.9839298697428
147,fire_disaster,28.824643487295877
148,fire_disaster,28.75479342761201
149,fire_disaster,40.790041825597804
150,security,24.404560125782417
151,security,43.04559002134507
152,security,68.62192856959956
153,transport,21.482996240243065
154,transport,36.08925949771931
155,transport,10.347767384556272
156,healthcare,27.072991829951814
157,healthcare,4.222035010313054
158,healthcare,25.57638785596047
159,fire_disaster,94.55875092773303
160,fire_disaster,81.17754314006021
161,fire_disaster,101.08977284258435
162,security,26.282253546454402
163,security,40.14242954758944
164,security,41.33002968271036
165,transport,30.220976812592976
166,transport,14.946504591498035
167,transport,32.74864488439893
168,healthcare,1.8338723401399828
169,healthcare,9.398634209340782
170,healthcare,2.4848116046442588
171,fire_disaster,8.352959273761977
172,fire_disaster,9.298757191893937
173,fire_disaster,19.742812071789906
174,security,3.243195859944213
175,security,9.147016299024914
176,security,2.2232529170336695
177,transport,16.95556977526616
178,transport,7.753541876422282
179,transport,7.230150768967026
180,healthcare,101.49267054327295
181,healthcare,92.19802248204857
182,healthcare,38.556457769375385
183,fire_disaster,58.28419340405659
184,fire_disaster,65.25265856305337
185,fire_disaster,109.88066839184441
186,security,101.87290522771633
187,security,123.87544193292706
188,security,114.11076973543916
189,transport,0.0
190,transport,80.28578391301342
191,transport,57.64866432949574
192,healthcare,33.91143926268913
193,healthcare,34.003405172113915
194,healthcare,34.29039330603891
195,fire_disaster,56.41580687283246
196,fire_disaster,66.05223681781544
197,fire_disaster,50.929682457138576
198,security,19.08148091957326
199,security,16.749234959083093
200,security,36.847104208824
201,transport,46.57177958799187
202,transport,40.884371987023584
203,transport,40.884371987023584
204,healthcare,32.60047852078157
205,healthcare,16.77207203294717
206,healthcare,32.60047852078157
207,fire_disaster,47.93474967506162
208,fire_disaster,43.10959443303126
209,fire_disaster,47.93474967506162
210,security,31.58339359421922
211,security,32.00481534982671
212,security,27.08889684146068
213,transport,28.90272442464754
214,transport,40.884371987023584
215,transport,23.535214648141235
216,healthcare,69.20786068582552
217,healthcare,68.52791433067163
218,healthcare,72.67229638222602
219,fire_disaster,48.57423479716826
220,fire_disaster,78.45624900001003
221,fire_disaster,78.07331476049858
222,security,62.50849437572036
223,security,60.49621960033801
224,security,67.85580077317032
225,transport,85.29207385383629
226,transport,45.793104888778046
227,transport,71.3452776294376
228,healthcare,28.606800819434852
229,healthcare,33.90255073035217
230,healthcare,28.606800819434852
231,fire_disaster,112.6632901437581
232,fire_disaster,132.5058701436531
233,fire_disaster,114.5925163889274
234,security,40.94254982584849
235,security,43.514587087166646
236,security,32.98558215659601
237,transport,26.279186109581072
238,transport,15.408474217303116
239,transport,22.317579792315225
240,healthcare,6.073770376391829
241,healthcare,11.28674587287812
242,healthcare,8.00462477376322
243,fire_disaster,27.16183900115507
244,fire_disaster,73.95161025508666
245,fire_disaster,73.95161025508666
246,security,41.6068898663982
247,security,17.442426667448697
248,security,24.96154450897204
249,transport,44.761158492545796
250,transport,54.737491894593525
251,transport,13.386799844350415
252,healthcare,13.146112859711362
253,healthcare,4.108327198411238
254,healthcare,16.313354089216094
255,fire_disaster,15.033949087185214
256,fire_disaster,10.073689637163568
257,fire_disaster,9.380950137792349
258,security,27.81594652571375
259,security,8.935244501974411
260,security,6.140865022144661
261,transport,2.5772184067044637
262,transport,30.32916466565444
263,transport,4.704883411327026
264,healthcare,19.56435566905841
265,healthcare,22.244036450722692
266,healthcare,13.60506606055376
267,fire_disaster,55.546652546197244
268,fire_disaster,61.58776083817197
269,fire_disaster,50.14371206270187
270,security,14.309818310473426
271,security,6.483862211494886
272,security,8.741106967883123
273,transport,39.14805960828381
274,transport,42.54378322603529
275,transport,37.87236837746793
276,fire_disaster,17.11456269204937
277,fire_disaster,12.136267937719323
278,security,1.1180495229286345
279,security,2.675585746270715
280,healthcare,3.007635671716717
281,security,3.866856402447665
282,fire_disaster,10.231494508335679
283,fire_disaster,5.17102334339685
284,fire_disaster,7.5089305474014845
285,security,9.085596405838817
286,fire_disaster,9.614847524429345
287,healthcare,5.827144282609271
288,security,5.706770234346476
289,healthcare,6.326347653003077
290,transport,5.873674796579228
291,healthcare,7.855352198001054
292,transport,8.040209575042368
293,security,9.417557394543696
294,healthcare,7.256902834719262
295,fire_disaster,7.813884802511208
296,healthcare,3.6440538161513776
297,security,0.3467902706455781
298,security,14.402400147302508
299,healthcare,3.2072797791585885
300,fire_disaster,7.194644181629644
301,transport,5.158415174782443
302,security,8.737470970323773
303,security,7.286645456128899
304,healthcare,0.8924435677256002
305,healthcare,5.824812169148624
306,healthcare,1.4859406425613129
307,transport,1.7319767386692313
308,healthcare,7.98552100502216
309,healthcare,6.591563446222103
310,security,3.717014891805725
311,transport,9.093022117920661
312,healthcare,7.623829471825745
313,healthcare,13.440654745302899
314,security,4.463373486862046
315,transport,1.0993551400847774
316,healthcare,3.294938293382924
317,healthcare,6.525745004584433
318,healthcare,2.334054804997632
319,security,1.4504262437267195
320,healthcare,2.9473774217750774
321,fire_disaster,12.409902564924554
322,security,2.0210635751477155
323,transport,5.695358357745088
324,healthcare,2.6183562302885215
325,fire_disaster,3.02059120200129
326,security,3.3623050697024137
327,fire_disaster,2.8245598505185274
328,fire_disaster,3.240911995082741
329,healthcare,7.826176749889096
330,transport,4.43186059483537
331,security,10.205284137531159
332,security,10.297538626611477
333,fire_disaster,12.355022488500197
334,fire_disaster,2.71263972844181
335,fire_disaster,13.37814516264192
336,security,6.293842564246169
337,fire_disaster,12.032748473633358
338,transport,14.740999032596104
339,security,5.119363417240305
340,healthcare,4.1952248305943485
341,transport,7.421884133021008
342,fire_disaster,7.063267536035913
343,healthcare,7.152693686260414
344,security,2.123379573303284
345,security,9.417557394543696
346,healthcare,7.451265596968043
347,security,8.702151098199524
348,healthcare,4.719257322430535
349,fire_disaster,20.033355103071962
350,transport,4.367068139516475
351,transport,3.1997793829890813
352,healthcare,3.1761327817251783
353,fire_disaster,3.3227936664189284
354,security,10.082277018663643
355,transport,3.7199100317522302
356,security,5.8145494484283
357,security,6.673892784370943
358,fire_disaster,9.726900533939604
359,transport,6.70508120131264
360,transport,8.164828604800274
361,healthcare,1.1669806280588602
362,healthcare,1.8301345117178702
363,transport,4.8881693718236825
364,security,7.254692365225302
365,security,12.35625967640412
366,security,8.43272271936103
367,healthcare,1.5812345477398897
368,security,3.2449092571718356
369,fire_disaster,5.270081860032807
370,transport,8.810597789880688
371,security,8.271718800537615
372,healthcare,2.605122834212471
373,fire_disaster,4.225570781129415
374,transport,4.529801531057274
375,fire_disaster,2.9664524878249554
376,fire_disaster,14.458208033376314
377,security,7.648683476329339
378,transport,2.925059976556487
379,security,2.4170335320571907
380,security,16.12761066357368
381,security,3.101280060186841
382,security,5.6772239642632245
383,security,4.277725806442934
384,healthcare,2.8049878725725037
385,healthcare,4.491941955808376
386,security,25.34539373728332
387,transport,1.713095656487718
388,security,6.422521759676306
389,transport,8.426840077194926
390,healthcare,1.9617042116619363
391,healthcare,3.5816161865644083
392,fire_disaster,1.140960136665945
393,fire_disaster,15.872539026690735
394,security,10.828930605623704
395,security,9.762650598613918
396,healthcare,3.12510940522188
397,security,6.3988406161839375
398,security,5.104242737404808
399,fire_disaster,9.584114078498308
400,transport,8.205431410831189
401,healthcare,3.350175924969075
402,security,3.1407720681183235
403,healthcare,5.013557297777617
404,healthcare,2.9697974794938755
405,healthcare,1.22575978234737
406,security,7.810122329750186
407,healthcare,6.770492942444557
408,security,3.4688210269735302
409,security,8.721511821275636
410,security,0.2890127525982304
411,fire_disaster,20.53987851362839
412,healthcare,4.657206960182839
413,healthcare,4.948921066988674
414,security,4.6902634017052565
415,healthcare,2.723389366107933
416,fire_disaster,5.044643245715739
417,healthcare,3.7908192886323784
418,transport,16.888119532404744
419,security,7.03836181735527
420,security,3.0378287592984523
421,healthcare,3.0311303029028718
422,security,5.982391679907989
423,healthcare,0.2894840473746374
424,security,4.076062863533005
425,security,2.126606678608044
426,transport,6.238726680728777
427,security,4.366826891355143
428,healthcare,3.629779397905511
429,healthcare,3.4283163079937946
430,healthcare,5.610257040999262
431,security,6.843199186284371
432,transport,6.1434047717109115
433,transport,8.154032256287723
434,healthcare,2.302005149705025
435,healthcare,4.858692002517526
436,security,2.7520338024696476
437,healthcare,9.936468749376722
438,fire_disaster,3.772794415807693
439,security,7.0077456561175175
440,healthcare,4.984927695707959
441,fire_disaster,1.5049795602765905
442,healthcare,1.2958165938682948
443,transport,6.252666227649058
444,healthcare,0.9085638019267115
445,security,6.698944432749531
446,healthcare,4.720493097255614
447,security,2.5167650311322705
448,fire_disaster,11.894876378000873
449,healthcare,3.033893334751609
450,healthcare,2.222465786959263
451,security,5.214360038314873
452,security,3.05125934665983
453,healthcare,4.807790292504412
454,healthcare,3.420727515886633
455,healthcare,2.7394764257957274
456,transport,4.923642566245074
457,security,3.1107519587808943
458,healthcare,1.3587481745763526
459,healthcare,3.845117578502125
460,healthcare,0.5855233387789521
461,security,3.592627347920248
462,transport,10.488398303262727
463,fire_disaster,23.090576616898602
464,security,2.940205323325182
465,healthcare,7.756305462618556
466,healthcare,0.8426620077882278
467,healthcare,10.091482776683057
468,fire_disaster,5.039370952384643
469,transport,10.768215988136776
470,healthcare,7.4691581170131665
471,security,11.960828924471398
472,transport,6.605069824378573
473,security,6.735440806646641
474,healthcare,11.668743891273154
475,security,5.7470358755958735
476,healthcare,3.953903915424168
477,transport,2.040140695866481
478,security,8.986941027149813
479,security,5.65186465281452
480,transport,2.9125228448628877
481,security,8.839747854338416
482,security,10.23483004913822
483,healthcare,5.5899289048753396
484,security,5.81983820756902
485,security,1.5078640685534082
486,fire_disaster,15.899352680920627
487,fire_disaster,10.067429679808642
488,security,3.7865187369066247
489,healthcare,1.6582697612149326
490,transport,19.93353820684719
491,security,4.158575760473371
492,transport,6.063672648484689
493,healthcare,4.690279921666861
494,security,10.321029370514612
495,fire_disaster,8.194857114915552
496,healthcare,0.5981769975415407
497,security,11.013956322997094
498,fire_disaster,8.925316691788103
499,security,3.723580177918168
500,fire_disaster,4.499376904660084
501,fire_disaster,8.537992246292104
502,fire_disaster,6.11442791339398
503,transport,6.8799615169315995
504,healthcare,2.7099394761005815
505,healthcare,3.1196175343679955
506,security,10.375686561647658
507,security,1.7569580453392133
508,security,2.467354780732295
509,healthcare,0.12831404649726685
510,transport,6.7348314685446695
511,security,6.140865022144661
512,healthcare,6.632717644126077
513,security,14.727098459580025
514,security,2.536654543960623
515,fire_disaster,24.29069428755872
516,security,3.3081283051237915
517,fire_disaster,9.01054014587728
518,healthcare,5.404632306843023
519,security,4.664901497142302
520,fire_disaster,16.341960482572684
521,fire_disaster,10.789496176651385
522,security,3.2110287351272677
523,transport,7.936899114039392
524,security,8.446590035677552
525,transport,3.8693990253925334
526,security,8.241392026387794
527,fire_disaster,8.653270114124654
528,healthcare,0.5720831184323723
529,healthcare,1.4916701158177357
530,healthcare,7.413074283926366
531,transport,4.627076104620118
532,healthcare,1.401196736290291
533,security,4.026306771435992
534,healthcare,3.264084548738233
535,fire_disaster,5.975308041790061
536,fire_disaster,4.099594490387892
537,fire_disaster,9.66989706255369
538,transport,4.155271806730718
539,transport,7.04999393854419
540,security,2.235755388131005
541,healthcare,9.051502236666382
542,security,2.6955476838025505
543,healthcare,2.5147176651065197
544,security,4.088977847804864
545,healthcare,1.541976950861698
546,security,7.481988215168355
547,healthcare,8.960239639660363
548,healthcare,1.6216887341708985
549,fire_disaster,5.266486343329364
550,healthcare,0.34257202277773136
551,security,2.4225405697001725
552,transport,7.774272949069754
553,healthcare,5.623243113411714
554,fire_disaster,3.4490085533395725
555,security,4.992765779335088
556,security,12.218729774558899
557,security,4.241459202725004
558,security,5.921510655428181
559,healthcare,12.030780618239778
560,transport,5.249128560719168
561,healthcare,8.021102012173301
562,fire_disaster,5.279923007733578
563,healthcare,11.649644740605169
564,security,5.933727241021215
565,security,10.828030700145634
566,fire_disaster,16.47072110245029
567,fire_disaster,7.898992700697784
568,transport,1.8188436607762228
569,security,1.8679012792641037
570,security,7.944418512022617
571,transport,5.104556619784679
572,security,3.6477130652008003
573,healthcare,2.0671444828759933
574,healthcare,2.5223483141768734
575,healthcare,3.4674365322342737
576,healthcare,9.98393740430595
577,healthcare,8.154638549635719
578,fire_disaster,8.23487248723144
579,fire_disaster,8.37343740920953
580,transport,6.651235933796244
581,security,4.9228000358568655
582,security,1.5490776166270557
583,security,14.963709918830318
584,transport,4.061584105115221
585,transport,2.3163793182727206
586,security,8.303952082968497
587,security,12.775129274579497
588,transport,0.6589173653222727
589,security,8.34453592106518
590,transport,6.050116090638161
591,security,13.897660291970027
592,security,3.8301036831055097
593,healthcare,5.726361886209627
594,security,3.8254288106895484
595,healthcare,3.2303901441981995
596,transport,9.683792485699495
597,transport,4.91017013412902
598,healthcare,1.991456609033652
599,transport,9.902265999668943
600,fire_disaster,4.887278829917007
601,security,11.56962184175047
602,healthcare,1.8540672950207266
603,transport,16.69863345771815
604,healthcare,0.6626163975776939
605,healthcare,4.9712545149899965
606,security,4.674878059917771
607,healthcare,3.0745259277061696
608,security,3.9714302927606266
609,security,7.984863176389904
610,healthcare,12.041581764163025
611,fire_disaster,11.838668590428856
612,fire_disaster,10.768575811083167
613,security,14.888805727535043
614,healthcare,8.92075545746303
615,transport,4.903161635785086
616,security,9.225670217465595
617,security,2.0177525993565295
618,transport,8.078563772605603
619,fire_disaster,2.8074223455025353
620,transport,8.177193227285084
621,transport,6.516967457050126
622,security,11.557398894281704
623,transport,5.271390831860791
624,transport,5.71909066056631
625,healthcare,5.132814381916824
626,transport,6.242761970861112
627,healthcare,5.404632306843023
628,transport,0.7236281920492778
629,security,10.638769798874964
630,healthcare,14.234610850629617
631,fire_disaster,5.4834971906001435
632,security,8.187779083170847
633,healthcare,6.591563446222103
634,security,2.911293598585508
635,healthcare,2.8939544118591196
636,transport,1.969694062856042
637,healthcare,8.009972343550642
638,healthcare,5.06155994856456
639,fire_disaster,4.360733621570881
640,healthcare,1.4102549395889805
641,healthcare,1.1532406582527317
642,transport,2.2007991065393284
643,security,4.895270244513693
644,healthcare,2.1832800859967723
645,security,10.783976846845526
646,security,15.181095680408488
647,healthcare,2.778492475632409
648,security,6.438172624434121
649,security,2.8137074401552047
650,healthcare,4.391666484917224
651,healthcare,5.637710694539196
652,fire_disaster,8.634501095633114
653,security,17.0587034730352
654,fire_disaster,15.409977000515731
655,security,10.756589764130371
656,security,1.7248712242848832
657,security,10.46095889374593
658,healthcare,1.5548524986945256
659,healthcare,8.35222077568016
660,security,10.06590699512038
661,healthcare,7.3481798967360215
662,healthcare,6.493559591161126
663,security,1.1467447094837822
664,healthcare,2.222465786959263
665,transport,4.787496852200022
666,healthcare,4.787587351268646
667,fire_disaster,14.26435043342676
668,security,2.195499121670835
669,security,4.377675586755942
670,healthcare,6.194120181746145
671,security,4.418546103327469
672,healthcare,5.710865238355366
673,security,15.351524202636108
674,transport,4.351450670391987
675,transport,1.153554689624123
676,healthcare,2.653951561804051
677,healthcare,2.1994377752233865
678,security,2.6946808881329685
679,healthcare,1.8093437763552556
680,fire_disaster,16.70521328190466
681,healthcare,2.5428692141542206
682,security,5.13606842951323
683,healthcare,5.114802986875416
684,security,6.681609601905119
685,security,2.822178551584392
686,transport,4.364303387961615
687,security,10.979173204363924
688,security,10.378852430609678
689,healthcare,6.922154512188593
690,healthcare,0.41848620168568085
691,transport,2.7442931234322843
692,healthcare,3.505546821524113
693,security,4.916392047415266
694,healthcare,8.862361485193363
695,healthcare,5.299022199328663
696,fire_disaster,4.375993445988118
697,healthcare,2.555396630340047
698,fire_disaster,5.077915180312482
699,security,13.308166929556396
700,healthcare,1.4069605786337507
701,healthcare,0.9425817783576735
702,security,10.113586382948576
703,healthcare,7.4210403355295025
704,transport,5.327625384509899
705,fire_disaster,4.248403260586989
706,healthcare,7.601285214391625
707,security,3.660822217169265
708,security,1.95491901777385
709,transport,2.9634097193591704
710,security,11.979070046833835
711,security,3.6005996144610224
712,healthcare,1.225629617521522
713,healthcare,8.454411321193902
714,healthcare,3.3420334715786435
715,fire_disaster,8.03786827805869
716,security,17.420320066906523
717,security,6.531728954361536
718,security,11.776376465603802
719,fire_disaster,4.408522301932084
720,healthcare,7.521835342487872
721,transport,6.8799615169315995
722,healthcare,7.978446847903484
723,healthcare,1.025190871757374
724,security,5.272386927641916
725,security,8.268648598498709
726,security,5.867097626001586
727,fire_disaster,8.876570288463238
728,healthcare,2.2686460004322084
729,healthcare,3.2285612623338604
730,transport,7.739812374168917
731,security,1.3801992060800587
732,transport,9.125574529021295
733,fire_disaster,2.60571483686572
734,security,4.001085289958214
735,healthcare,3.58497170351866
736,healthcare,2.656010904980977
737,security,2.4597530552460216
738,fire_disaster,20.024554721724638
739,security,7.806372876700406
740,transport,9.77031528054712
741,healthcare,10.528529008045467
742,security,17.870827517478613
743,security,6.309559067088994
744,healthcare,2.236036329447367
745,healthcare,1.2185444255875
746,fire_disaster,9.569315755890008
747,security,1.3188489616881367
748,fire_disaster,11.403026685544093
749,healthcare,2.040058546207383
750,transport,3.230510641321691
751,fire_disaster,11.40293679148524
752,healthcare,7.512780349019422
753,healthcare,4.07908205073803
754,security,3.619258853836715
755,transport,5.027446870369941
756,security,3.558572277152406
757,healthcare,4.519476337868048
758,healthcare,6.517853522267743
759,healthcare,7.5956388933044545
760,healthcare,4.1032703039828515
761,security,2.422914308438889
762,healthcare,8.016575360690357
763,healthcare,7.7979013943225794
764,security,9.214853386467617
765,healthcare,9.005029925021526
766,transport,4.950085104261072
767,healthcare,4.394379772244542
768,security,0.5507414942888578
769,healthcare,1.7952997661269052
770,transport,4.8539476522169895
771,security,6.121386122009324
772,fire_disaster,1.5449358089887941
773,fire_disaster,7.333114292617166
774,transport,7.275325182637865
775,healthcare,2.6326490747657774
776,security,1.4613792868954882
777,healthcare,3.751107489289818
778,healthcare,3.3492046638618813
779,healthcare,5.105419575325139
780,security,5.8509136398681285
781,fire_disaster,12.329422961473933
782,security,13.526980788919898
783,security,8.425431246132105
784,security,4.649734377520801
785,healthcare,2.3559195081626325
786,healthcare,2.1085269477772544
787,security,9.327421921740058
788,transport,11.059422734675106
789,healthcare,3.2532487604176343
790,healthcare,3.7567457454102193
791,security,4.45969605374194
792,transport,3.947024086142816
793,healthcare,6.561445110008469
794,security,17.870827517478613
795,security,7.308303711618522
797,security,2.035016760016855
798,security,5.7358254438610325
799,healthcare,4.927619879404786
800,healthcare,10.131155589567864
801,fire_disaster,3.4110598912096908
802,transport,2.4539991148420532
803,healthcare,1.7398219157551043
804,security,7.536964886337754
805,fire_disaster,15.495628407133353
806,security,25.857104903287986
807,fire_disaster,26.983915894885225
808,healthcare,2.9169900902460033
809,security,10.297538626611477
810,healthcare,3.577102091582395
811,fire_disaster,3.5809368434827396
812,security,2.7134581512740388
813,healthcare,3.688573062567379
814,healthcare,9.791486260427636
815,fire_disaster,22.258678312197276
816,healthcare,1.2124707070018184
817,healthcare,10.564321323103599
818,security,4.463261754596849
819,healthcare,6.800279686211168
820,fire_disaster,1.650097994473156
821,security,1.7210812413925147
822,transport,5.844746365096288
823,healthcare,4.391666484917224
824,security,6.4837109750926825
825,security,1.4504262437267195
826,security,8.227922467837972
827,healthcare,4.81998403150356
828,healthcare,2.3247196102351446
829,healthcare,10.231809931625069
830,healthcare,10.242908906870458
831,fire_disaster,12.134113343320214
832,fire_disaster,8.280644351571873
833,security,4.173823768384964
834,security,14.963709918830318
835,fire_disaster,6.707807826901576
836,fire_disaster,12.414647440433821
837,healthcare,3.9717972683050515
838,transport,12.715625257927341
839,fire_disaster,12.429358610608116
840,transport,3.168253090027281
841,fire_disaster,5.888415709174884
842,fire_disaster,12.471344877289948
843,transport,5.466886523185738
844,healthcare,4.214882301642241
845,transport,5.28048580210391
846,fire_disaster,9.270572237863417
847,transport,3.5865055215483403
848,healthcare,0.5863633112969493
849,security,17.870827517478613
850,security,6.919465904983536
851,transport,1.0132636503943653
852,transport,4.852456436096573
853,fire_disaster,14.52905010976254
854,transport,13.040974404771905
855,security,4.418463673563193
856,security,19.97341362950864
857,security,17.870827517478613
858,healthcare,3.8355980659543873
859,security,2.9454059207915217
860,healthcare,5.919583926105593
861,security,2.8531702909175256
862,security,2.878313553358699
863,security,2.195499121670835
864,healthcare,7.953734646283408
865,security,9.144116819621043
866,healthcare,7.513667690742186
867,security,2.3143586391522812
868,transport,10.6767421602288
869,transport,6.674289115201209
870,healthcare,3.4977243876225588
871,healthcare,6.461214501634156
872,fire_disaster,3.3797862379284265
873,fire_disaster,6.019289339672754
874,fire_disaster,3.7682593787621146
875,fire_disaster,9.412853606643086
876,fire_disaster,13.578557982802916
877,healthcare,0.39176010149063123
878,fire_disaster,2.545910084466508
879,fire_disaster,8.001523130914974
880,security,10.731275624166548
881,fire_disaster,4.786828820214243
882,security,10.635747581756268
883,healthcare,4.465958737231391
884,healthcare,3.376149501300948
885,healthcare,10.269890626567605
886,security,6.35413527784939
887,transport,5.218272656874142
888,security,1.887222855696081
889,fire_disaster,3.628617427209354
890,transport,12.911678166423249
891,security,9.01074255993091
892,healthcare,11.912737413662834
893,healthcare,7.442675206341474
894,fire_disaster,10.920228941799497
895,healthcare,9.381922025657575
896,healthcare,1.9750200194905636
897,security,4.664901497142302
898,fire_disaster,8.298583563301621
899,fire_disaster,0.7337978435567472
900,security,6.3001073339920115
901,security,6.258220699062336
902,security,10.135065093293546
903,security,10.0657449043347
904,healthcare,7.1009146098714915
905,security,3.532464186906415
906,transport,5.77993020473448
907,security,3.8137542302614853
908,healthcare,5.1238462364765995
909,healthcare,0.7462434712849336
910,security,10.626321712333247
911,fire_disaster,18.60463280550827
912,security,4.726908763353095
913,healthcare,5.104016445803093
914,security,6.431838333433293
915,healthcare,2.3802507484367097
916,fire_disaster,4.788447927794738
917,security,6.4023672091764565
918,transport,4.052570961336751
919,healthcare,7.411506176542862
920,transport,5.3342913073911635
921,fire_disaster,17.374366320748056
922,fire_disaster,11.770300716560842
923,fire_disaster,13.414097852754374
924,security,4.160011171024101
925,healthcare,1.6930038936665845
926,healthcare,3.2057691204962184
927,healthcare,1.1670094747120952
928,security,6.280883703982214
929,security,2.7293597469616944
930,security,1.873679381865002
931,security,6.226796139040032
932,security,7.3830261763860126
933,security,2.7134581512740388
934,security,2.1546392605811593
935,healthcare,1.7713180519855931
936,healthcare,0.6120325904695233
937,fire_disaster,3.348202757917289
938,transport,1.802735232637126
939,fire_disaster,7.0723114755551215
940,security,6.175606119005985
941,healthcare,1.807959216370217
942,transport,9.206238641148762
943,healthcare,2.436033378504726
944,security,3.295304219936229
945,security,0.7915482424401706
946,security,1.9395548431877585
947,fire_disaster,9.359375865057237
948,healthcare,5.114802986875416
949,transport,6.290150231225258
950,healthcare,5.735857285096845
951,transport,4.256142395776813
952,transport,5.1476838457120095
953,security,6.140865022144661
954,healthcare,3.5441178832802795
955,transport,5.598412999238325
956,fire_disaster,12.462086456298122
957,security,3.3558314881763507
958,fire_disaster,19.925062491271497
959,fire_disaster,1.338753269074314
960,security,1.4504262437267195
961,fire_disaster,10.436513603562089
962,healthcare,3.458267119474348
963,security,3.7834974805441757
964,security,7.9152961787821345
965,security,14.28765366014341
966,transport,7.04099799401398
967,healthcare,7.756305462618556
968,transport,3.4703832274430306
969,healthcare,11.119760386414416
970,healthcare,0.291614285272936
971,security,6.934682815206082
972,security,10.872375335243643
973,healthcare,3.521075855960588
974,healthcare,2.166373515855348
975,fire_disaster,8.457744568284376
976,transport,6.33749886154845
977,healthcare,6.340345553439719
978,security,7.183915511093642
979,healthcare,10.619717276731574
980,healthcare,1.3109587029758933
981,healthcare,6.905850944454128
982,security,15.098395646543203
983,healthcare,2.9312196629488785
984,security,4.043056864415191
985,fire_disaster,11.837248532765289
986,security,2.195499121670835
987,healthcare,2.1274938386199422
988,healthcare,15.004326213835034
989,security,9.677688885570356
990,healthcare,1.596777120947241
991,transport,4.928126894019519
992,security,4.849616369431784
993,healthcare,3.6150859274347837
994,healthcare,6.6018709810496325
995,healthcare,0.8426620077882278
996,transport,7.687159806732469
997,fire_disaster,3.945704309870013
998,security,6.309404641804999
999,healthcare,2.7670201448055844
1000,security,2.1546010372135953
1001,fire_disaster,6.3805598903805105
1002,security,13.015997662025374
1003,transport,0.4449313090842245
1004,transport,4.839922413630172
1005,security,1.9453099945766748
1006,security,2.974501880801038
1007,healthcare,1.4423935259785996
1008,healthcare,0.7669698516081881
1009,healthcare,2.2183525915847624
1010,healthcare,2.273557274430448
1011,security,6.362819762641819
1012,security,1.3038815687880931
1013,healthcare,2.0995384597524045
1014,security,2.8645334547387358
1015,security,2.4055382634480154
1016,fire_disaster,5.168593860652624
1017,healthcare,7.214030689018115
1018,security,0.626397802946678
1019,transport,0.0
1020,healthcare,11.834835144183808
1021,healthcare,12.918105388386381
1022,security,0.642694900903908
1023,healthcare,4.734629493638033
1024,healthcare,1.5247106262367098
1025,healthcare,0.500831780802052
1026,transport,5.695609077914425
1027,security,3.9916650373257436
1028,fire_disaster,12.179619785300373
1029,healthcare,6.387921181775508
1030,healthcare,6.389011963072771
1031,healthcare,3.2226850221554213
1032,transport,4.155271806730718
1033,security,2.95678838439582
1034,security,7.833448486276966
1035,fire_disaster,7.786347158443698
1036,security,7.015997394699594
1037,healthcare,2.644440950181832
1038,transport,6.473980965534882
1039,fire_disaster,17.57583185312858
1040,fire_disaster,4.499376904660084
1041,healthcare,7.835001022250484
1042,security,5.084850793828093
1043,fire_disaster,7.212796990337229
1044,security,3.821372290992532
1045,healthcare,6.866162182771793
1046,security,9.28776410119666
1048,security,2.137029063516721
1049,fire_disaster,5.1791764423059
1050,healthcare,7.557676326225993
1051,healthcare,2.714536991365032
1052,fire_disaster,7.123918883195854
1053,healthcare,3.42744854451018
1054,fire_disaster,6.888761775197764
1055,security,7.0815074149158015
1056,healthcare,4.061172979659889
1057,healthcare,9.96569647904062
1058,healthcare,6.207793129785332
1059,healthcare,4.2118930982738165
1060,healthcare,10.552568361811137
1061,security,9.417557394543696
1062,healthcare,3.061418566217925
1063,fire_disaster,5.270081860032807
1064,healthcare,10.672532459222635
1065,security,8.474076727008109
1066,security,3.0697506297906463
1067,healthcare,3.858493099820558
1068,transport,5.973489135198803
1069,security,5.13264366465155
1070,security,7.805062630413192
1071,healthcare,7.007282466596354
1072,healthcare,6.261388687646797
1073,healthcare,12.36191841049575
1074,security,11.979070046833835
1075,fire_disaster,1.140960136665945
1076,transport,7.3411758461000565
1077,security,5.256074964308293
1078,healthcare,3.082052564678697
1079,healthcare,8.749736253757447
1080,security,2.3460640240458637
1081,transport,3.0178781886143615
1082,security,2.99574051565643
1083,transport,21.855712705375844
1084,healthcare,0.9414829911932754
1085,fire_disaster,7.563261453217216
1086,transport,2.977776830105033
1087,security,6.610337874646123
1088,healthcare,2.356561244360814
1089,security,7.176771456611967
1090,security,5.932173528828704
1091,fire_disaster,13.460676668367297
1092,security,8.236602555475477
1093,security,3.7957792997003237
1094,healthcare,5.020139377081631
1095,fire_disaster,12.642297747434386
1096,healthcare,7.275660143224232
1097,transport,3.936910754835432
1098,security,6.817770823766592
1099,healthcare,3.222797890466705
1100,healthcare,14.731770019820678
1101,healthcare,2.1041068981004774
1102,healthcare,4.395921838232021
1103,fire_disaster,5.763903746248667
1104,fire_disaster,12.179521414023363
1105,transport,9.517770962136904
1106,fire_disaster,9.620734278472446
1107,healthcare,1.9791363259621508
1108,healthcare,3.851845007795116
1109,transport,6.374486711218432
1110,healthcare,1.1325191115795816
1111,healthcare,1.7677361913170655
1112,transport,2.8182521381645644
1113,security,14.727098459580025
1114,healthcare,10.314075543042318
1115,healthcare,6.659834160318244
1116,transport,5.869237830946555
1117,healthcare,1.7499816058575113
1118,security,8.551369993417067
1119,healthcare,4.503101769709788
1120,security,6.871292967604296
1121,healthcare,6.618892324529686
1122,healthcare,4.764171456011515
1123,security,8.193425750804462
1124,transport,5.762216923052962
1125,healthcare,2.7509670702189557
1126,healthcare,1.4789080598694564
1127,transport,7.715700476082399
1128,transport,4.4561554529312035
1129,healthcare,11.62571467492588
1130,healthcare,1.7479962036193166
1131,transport,7.331557617389887
1132,fire_disaster,7.426188489624106
1133,security,2.427574012658576
1134,fire_disaster,4.064173889874064
1135,healthcare,7.02047161277151
1136,transport,5.305533587463771
1137,security,2.4479752930220413
1138,security,6.865827283450824
1139,fire_disaster,9.718154784463849
1140,healthcare,9.810234769063392
1141,healthcare,1.9172760992431759
1142,healthcare,1.6980730603371261
1143,security,2.0735020202821834
1144,transport,8.139565229544264
1145,fire_disaster,16.01591131696424
1146,healthcare,0.6718532908758138
1147,healthcare,6.368256403951658
1148,healthcare,2.787838114457193
1149,healthcare,0.48890660873140557
1150,healthcare,5.604813712329878
1151,security,12.462914449015829
1152,transport,4.155271806730718
1153,healthcare,3.1128507640981655
1154,healthcare,3.990291223275409
1155,security,1.8023963871826685
1156,security,3.206726153295627
1157,healthcare,5.037728458677237
1158,healthcare,2.0663914499001796
1159,transport,12.993882373560139
1160,transport,2.9125228448628877
1161,security,7.5736417978782375
1162,transport,6.67778789509461
1163,security,9.085596405838817
1164,security,1.342105131196853
1165,security,2.1612550733236326
1166,fire_disaster,7.7453351096126415
1167,healthcare,4.171765738851673
1168,healthcare,5.827144282609271
1169,healthcare,0.7471085196438612
1170,security,7.711789618590495
1171,security,10.959309231068584
1172,healthcare,2.6380107441872402
1173,security,3.0563737697665134
1174,security,2.990084443000747
1175,transport,6.417450125512279
1176,security,10.274724519595773
1177,security,4.947777037570062
1178,healthcare,2.221208894940838
1179,transport,4.5077123238163805
1180,security,10.46149966200908
1181,security,6.187818424764472
1182,security,2.562584134333889
1183,healthcare,1.0495591408354008
1184,fire_disaster,17.390947299732666
1185,healthcare,2.5223483141768734
1186,transport,0.7019720405573859
1187,transport,5.634985533995705
1188,healthcare,1.6616593398269157
1189,transport,8.956058454174563
1190,security,1.4645559031517383
1191,transport,5.642198130754107
1192,fire_disaster,10.133458815509163
1193,healthcare,3.3264067351953788
1194,healthcare,5.154406381947944
1195,security,3.571711031996193
1196,fire_disaster,7.8544329228862315
1197,healthcare,4.242872463585564
1198,fire_disaster,2.2257088499487683
1199,security,8.597808527111225
1200,fire_disaster,9.538019178725154
1201,transport,11.03649317257666
1202,fire_disaster,5.772833428986733
1203,healthcare,0.9250128859016384
1204,healthcare,5.217596284158062
1205,security,2.728502680533988
1206,healthcare,2.982643263874097
1207,security,2.6442463267525076
1208,healthcare,11.975413059225849
1209,healthcare,7.813554557486091
1210,healthcare,4.44953933946981
1211,security,4.413189904338637
1212,security,4.648403215368654
1213,fire_disaster,12.440696864579442
1214,security,2.8632340288755236
1215,transport,2.9944404113520853
1216,security,6.398389998169609
1217,healthcare,1.2161405451567302
1218,fire_disaster,4.231894299454479
1219,fire_disaster,5.150530605574182
1220,security,3.3961164691611847
1221,healthcare,0.6417115317842461
1222,fire_disaster,2.3055845930044874
1223,healthcare,2.405625198088619
1224,healthcare,6.6018709810496325
1225,healthcare,6.039289583860169
1226,healthcare,1.920726403774482
1227,healthcare,1.7479962036193166
1228,transport,4.397306806076162
1229,transport,1.2106806887819792
1230,security,6.368219392178641
1231,fire_disaster,25.123925104936713
1232,healthcare,3.5092604898913655
1233,healthcare,3.300950711684223
1234,healthcare,0.6057836120863924
1235,healthcare,2.5428692141542206
1236,fire_disaster,5.563153966528284
1237,security,3.98188577744314
1238,healthcare,9.674590886200841
1239,healthcare,10.330330841845372
1240,transport,11.28959334369025
1241,transport,2.498512245878982
1242,security,1.3514705540217709
1243,transport,19.228148539268823
1244,transport,2.618077404600471
1245,security,4.402740956316067
1246,fire_disaster,3.356107874955302
1247,fire_disaster,3.459226647753215
1248,security,5.4758499698537
1249,healthcare,4.350165254294172
1250,healthcare,4.749428298997631
1251,transport,12.428618613694612
1252,healthcare,3.605370524571562
1253,healthcare,5.362135755876839
1254,healthcare,20.236818563752863
1255,security,0.4586035651895184
1256,healthcare,4.217408627032908
1257,healthcare,0.4897463350413865
1258,security,0.7008029878203678
1259,security,3.1108654629871726
1260,security,6.934716344207213
1261,healthcare,20.726486716480046
1262,healthcare,2.70966971161705
1263,transport,3.670147775048838
1264,security,0.29530550938550537
1265,transport,6.018258094483211
1266,healthcare,4.350165254294172
1267,security,9.455258530397137
1268,healthcare,4.96649046348582
1269,fire_disaster,15.754276782416214
1270,healthcare,1.180421181112432
1271,security,5.051777780408963
1272,security,1.8951261711146445
1273,transport,6.069804759899219
1274,fire_disaster,2.243146032052388
1275,healthcare,0.9799069909881806
1276,transport,5.9438765166187135
1277,transport,5.287725643121839
1278,healthcare,8.11270454748315
1279,security,2.789265877367919
1280,healthcare,6.322967849976908
1281,security,3.9754270303725945
1282,healthcare,4.983227838308085
1283,transport,5.975399922811087
1284,security,6.307885812435936
1285,transport,6.6956185413770175
1286,healthcare,2.0080301010962023
1287,healthcare,4.8216142006455796
1288,healthcare,42.25251722285943
1289,security,1.6812617578389515
1290,healthcare,4.231236565010909
1291,transport,6.290240237164204
1292,healthcare,0.9009454752999759
1293,security,15.901956042462462
1294,security,6.309559067088994
1295,fire_disaster,6.74351481511136
1296,healthcare,0.9936493373781526
1297,security,5.989260472707218
1298,healthcare,4.342459143795798
1299,security,2.559253973753874
1300,healthcare,3.521075855960588
1301,healthcare,1.694054970887946
1302,security,3.6775496791991866
1303,security,15.368061199389228
1304,security,8.34225102408444
1305,security,3.647956451353377
1306,fire_disaster,6.917987170161281
1307,security,4.599949821147114
1308,healthcare,5.276634156447168
1309,security,8.000332574255836
1310,fire_disaster,21.835322195372573
1311,transport,8.936867670779808
1312,healthcare,3.8736394601723974
1313,healthcare,0.485291881975227
1314,security,7.603441123383408
1315,security,4.007725343002355
1316,security,6.319255404365012
1317,healthcare,2.9125186637875107
1318,fire_disaster,4.499376904660084
1319,transport,5.222293759884482
1320,transport,9.308616610316998
1321,security,3.209382388086465
1322,healthcare,3.6131764330873404
1323,security,2.502401780392277
1324,security,6.734270241201222
1325,security,8.692896542652301
1326,transport,8.38026387242486
1327,transport,9.74923948771561
1328,healthcare,8.322490820127353
1329,security,4.665305575329799
1330,fire_disaster,4.429594212775833
1331,security,2.434469761624122
1332,transport,6.688141191450323
1333,security,3.5132951268800556
1334,security,1.7923331031981309
1335,healthcare,10.330330841845372
1336,healthcare,3.323972355713338
1337,security,2.9065292212876335
1338,transport,2.684023795524189
1339,security,13.991305601208888
1340,fire_disaster,10.027090131220453
1341,fire_disaster,16.325430432736745
1342,healthcare,4.61813516188875
1343,fire_disaster,11.586672719929709
1344,fire_disaster,9.608941171092177
1345,fire_disaster,20.033355103071962
1346,security,3.0110391170861157
1347,security,3.101614583837841
1348,healthcare,6.744842874894517
1349,healthcare,11.32616751323161
1350,fire_disaster,7.212796990337229
1351,healthcare,7.084957967784585
1352,security,1.8482070712491954
1353,healthcare,1.2161405451567302
1354,fire_disaster,2.393525698407228
1355,healthcare,0.14968948970965798
1356,healthcare,5.942985553706496
1357,security,3.101280060186841
1358,fire_disaster,10.74350413633286
1359,healthcare,5.637710694539196
1360,security,6.9651621491787985
1361,fire_disaster,18.617178734107565
1362,healthcare,3.9793259541869324
1363,security,12.440720138036303
1364,transport,6.31405268941181
1365,security,10.880343873984314
1366,healthcare,2.1387875262174907
1367,security,7.078798672949459
1368,healthcare,10.13154962166009
1369,healthcare,6.5527292721968395
1370,fire_disaster,4.258873535162498
1371,healthcare,8.269947971710549
1372,healthcare,11.073152615401566
1373,fire_disaster,13.058743577072692
1374,fire_disaster,16.31208331421855
1375,fire_disaster,3.8812027186675104
1376,healthcare,8.76748977810476
1377,healthcare,8.948483256089354
1378,healthcare,4.980888390529032
1379,security,3.804035856844398
1380,healthcare,3.422901291590187
1381,security,6.527383238276287
1382,healthcare,6.776339517260653
1383,fire_disaster,2.3760756211722356
1384,security,3.109725294368059
1385,security,8.645838738931092
1386,security,3.3205363970419386
1387,healthcare,6.6931287293497945
1388,fire_disaster,8.205758915662482
1389,healthcare,7.383775771115554
1390,fire_disaster,3.361477262820896
1391,healthcare,2.6579511632567745
1392,fire_disaster,13.520062581373686
1393,security,6.505446548973469
1394,security,3.6404005344063703
1395,fire_disaster,4.995471091371579
1396,security,2.6492247739521853
1397,healthcare,20.726486716480046
1398,fire_disaster,11.740000663698783
1399,security,9.085596405838817
1400,fire_disaster,6.962624006163513
1401,healthcare,7.355792477643528
1402,security,6.037290100478634
1403,security,5.386354439689216
1404,healthcare,2.920234767179175
1405,healthcare,12.081576300354046
1406,transport,4.177533807499782
1407,healthcare,2.5529636522324783
1408,security,2.867869994322447
1409,security,8.88522231124119
1410,transport,4.028429426448903
1411,fire_disaster,2.6575954008206226
1412,healthcare,2.6364633811812457
1413,healthcare,4.966678134202772
1414,security,8.839747854338416
1415,healthcare,3.3095181640773954
1416,fire_disaster,4.3990340662501755
1417,healthcare,9.849692981391463
1418,healthcare,3.2364968412647652
1419,security,4.203226732312228
1420,fire_disaster,6.3955015632309635
1421,transport,11.231903562384465
1422,transport,6.8876336977222135
1423,fire_disaster,4.937280058437271
1424,healthcare,8.10248087266377
1425,fire_disaster,12.934202710100738
1426,healthcare,2.7231751993886206
1427,security,6.628642404733518
1428,security,20.456955085366868
1429,healthcare,6.06901439342283
1430,transport,6.710794248818852
1431,healthcare,8.415510546706049
1432,transport,2.9097524955482372
1433,healthcare,3.423417011417536
1434,security,4.555324557935775
1435,security,4.664901497142302
1436,fire_disaster,7.786211252026152
1437,healthcare,9.735628123915866
1438,fire_disaster,12.530092155666203
1439,healthcare,4.44953933946981
1440,healthcare,5.507560610949304
1441,transport,1.6648451816786456
1442,security,6.746991336613651
1443,fire_disaster,9.11115087945311
1444,fire_disaster,5.453253795977025
1445,healthcare,0.8534785818904894
1446,healthcare,2.6280264029991938
1447,security,6.741984147402862
1448,transport,5.160878053906283
1449,healthcare,2.226164219637377
1450,healthcare,1.7063341911444698
1451,transport,6.56252840862607
1452,security,3.8358610653740826
1453,fire_disaster,20.17843060238158
1454,healthcare,3.521075855960588
1455,transport,2.141502480883749
1456,healthcare,3.872430722064276
1457,fire_disaster,0.6306499605796091
1458,transport,6.334065359278214
1459,healthcare,8.775376599495214
1460,healthcare,6.385853631738922
1461,security,3.720658663465679
1462,transport,2.6137764773978986
1463,security,6.434944683254978
1464,transport,5.530580339863089
1465,transport,5.070929881176345
1466,security,7.982707421079942
1467,security,1.008658817940174
1468,security,2.8534991191117935
1469,security,2.0951926023360405
1470,healthcare,0.6786404945256679
1471,healthcare,11.371855978492526
1472,transport,3.7784594630844244
1473,security,2.483534811524542
1474,security,3.951474663785818
1475,security,3.0446254275811606
1476,healthcare,3.099122225623276
1477,healthcare,1.1626082478795052
1478,healthcare,0.2375051243353145
1479,healthcare,7.9721015420175325
1480,security,9.417557394543696
1481,security,5.678790809438271
1482,transport,7.861126942828707
1483,security,0.4586035651895184
1484,fire_disaster,14.821620746365136
1485,transport,2.1335643853435085
1486,security,1.8393908080501218
1487,security,1.1979137537260278
1488,transport,0.771085958381349
1489,transport,6.133255326681391
1490,security,4.4140031944033655
1491,security,8.748167358162464
1492,healthcare,4.098676026300198
1493,security,2.4463139203669226
1494,fire_disaster,11.280774653271926
1495,healthcare,8.540758978320035
1496,transport,12.60023101737716
1497,transport,4.599722906324761
1498,fire_disaster,3.082207685512338
1499,transport,4.54551568031403
1500,security,1.8755041100899683
1501,healthcare,4.0646373657575445
1502,security,2.0864300064100596
1503,transport,6.7762467333481355
1504,security,1.761106654215039
1505,security,4.862727493535931
1506,security,5.848020614432687
1507,security,6.357388626353898
1508,transport,7.000068466968306
1509,transport,6.882277288757362
1510,healthcare,6.016656630146157
1511,healthcare,3.7253268574087475
1512,healthcare,5.637710694539196
1513,transport,7.187546344259969
1514,healthcare,6.744842874894517
1515,security,7.38370416926452
1516,healthcare,7.824980669896574
1517,fire_disaster,10.920228941799497
1518,healthcare,2.161559368310792
1519,security,1.0271127793625217
1520,healthcare,7.24583442627295
1521,security,2.535457926304301
1522,transport,3.9334198965990677
1523,fire_disaster,2.4541811276008474
1524,transport,4.179214851963879
1525,healthcare,1.9903606699911043
1526,healthcare,7.007853823732872
1527,transport,8.26257720483763
1528,security,3.0089355265119324
1529,security,7.502130521186808
1530,healthcare,15.004326213835034
1531,transport,4.999068413350899
1532,healthcare,6.039289583860169
1533,security,2.2126064003980113
1534,fire_disaster,8.560938698708904
1535,healthcare,1.4386818099998928
1536,healthcare,15.903069626266849
1537,healthcare,2.051349449184385
1538,security,5.076636913731284
1539,healthcare,1.0972389007418686
1540,security,13.526980788919898
1541,fire_disaster,13.23077561133068
1542,healthcare,3.5253198297850923
1543,security,0.5367800323290737
1544,security,0.36395398940567414
1545,fire_disaster,6.85577012467973
1546,healthcare,3.220604118713234
1547,security,2.980417002446322
1548,healthcare,5.079501471255678
1549,healthcare,1.9642282589973594
1550,transport,11.973674627790958
1551,healthcare,15.004326213835034
1552,fire_disaster,23.82488852030336
1553,transport,6.123856237866712
1554,healthcare,5.991104041064486
1555,fire_disaster,7.600479251553097
1556,healthcare,5.974949801967669
1557,security,5.683538250518726
1558,fire_disaster,8.016439864059071
1559,transport,8.850816628323821
1560,fire_disaster,6.290413246713789
1561,transport,2.9570964434067504
1562,transport,1.772344910765918
1563,security,22.018880782405024
1564,security,1.9958976873044358
1565,security,6.774648730385733
1566,transport,3.6582028870159826
1567,security,5.7470358755958735
1568,security,6.065282684436112
1569,security,5.376149880955252
1570,healthcare,3.211039230150737
1571,healthcare,4.17871398025657
1572,healthcare,3.6227243053460465
1573,security,18.77463687270838
1574,transport,4.299675942147856
1575,healthcare,2.1547646383412387
1576,fire_disaster,4.656083336224734
1577,fire_disaster,8.298583563301621
1578,security,2.813540065156123
1579,security,6.140865022144661
1580,security,3.109725294368059
1581,fire_disaster,6.669062116110047
1582,healthcare,3.338860015959819
1583,security,5.466185029955926
1584,security,3.8610757588448172
1585,healthcare,8.399440094572638
1586,fire_disaster,10.409416216301784
1587,healthcare,5.5947554854457024
1588,security,5.830006634368265
1589,transport,9.142585562183587
1590,healthcare,0.0
1591,transport,3.0649122055434805
1592,security,3.3334898263232566
1593,healthcare,1.945873878149109
1594,security,9.978456796259564
1595,security,6.646287211411422
1596,fire_disaster,11.806062412739964
1597,healthcare,1.1118260819819836
1598,healthcare,4.202805417002624
1599,security,3.2456435003071245
1600,healthcare,5.053971398547986
1601,security,8.83401662975334
1602,security,2.0123239499143124
1603,security,9.756178733557885
1604,healthcare,2.596786179570157
1605,healthcare,0.0
1606,security,8.190972494026237
1607,transport,8.245218480872918
1608,healthcare,4.692454079481645
1609,healthcare,10.813021124374904
1610,transport,6.488407690791386
1611,fire_disaster,9.551121365868557
1612,security,2.7101828467656683
1613,security,5.5204886690370385
1614,security,1.218504797140654
1615,transport,3.753066712977044
1616,healthcare,2.157992177485522
1617,healthcare,1.4870711500940326
1618,security,3.9329272329168643
1619,healthcare,8.462312683418574
1620,healthcare,4.363246275273459
1621,transport,6.674289115201209
1622,fire_disaster,12.630154032171289
1623,fire_disaster,13.550541114414008
1624,healthcare,11.500319228281857
1625,security,3.558572277152406
1626,security,8.446590035677552
1627,healthcare,2.157992177485522
1628,security,2.1546392605811593
1629,security,3.252000769885552
1630,security,7.984863176389904
1631,security,12.152105070149396
1632,transport,2.1647020373712156
1633,security,6.935915942217761
1634,security,6.121597025821191
1635,fire_disaster,3.6189070602892497
1636,security,6.417087136915856
1637,healthcare,7.114649418398143
1638,fire_disaster,12.900793965527969
1639,security,2.5807076038077676
1640,security,4.220958203195644
1641,fire_disaster,12.362469970677944
1642,security,3.8137542302614853
1643,security,6.417087136915856
1644,transport,5.787545137285303
1645,healthcare,1.8093437763552556
1646,healthcare,4.685123769889866
1647,healthcare,3.9616382796745175
1648,security,13.196832145488942
1649,healthcare,2.9267142636471184
1650,transport,4.611113963373791
1651,transport,2.2897727230944604
1652,healthcare,1.193258896466363
1653,transport,4.341955139128358
1654,security,2.8137074401552047
1655,fire_disaster,7.597772484884209
1656,healthcare,1.8650642831806956
1657,security,6.372928529233664
1658,transport,4.8023208865850915
1659,security,3.577125503216529
1660,transport,5.255367167220511
1661,fire_disaster,10.2631010048613
1662,transport,4.315684892061295
1663,security,2.3369181897244533
1664,fire_disaster,2.0731444965084185
1665,healthcare,0.585639635245284
1666,healthcare,2.053662294949152
1667,healthcare,4.966678134202772
1668,security,3.337246493251344
1669,transport,3.999127311156309
1670,fire_disaster,1.779173104367302
1671,fire_disaster,14.64801882066194
1672,security,3.157274844253701
1673,healthcare,0.4164423859334059
1674,healthcare,9.392668419589628
1675,healthcare,3.170540752902754
1676,security,13.851560248474279
1677,healthcare,7.493253371243105
1678,transport,3.080939485457665
1679,security,3.001258802759181
1680,security,5.652660213439413
1681,transport,5.789104030006655
1682,fire_disaster,11.151645775660617
1683,transport,10.690306201333032
1684,healthcare,1.5962560767712752
1685,security,6.417087136915856
1686,security,4.835810993501563
1687,healthcare,4.1032703039828515
1688,transport,10.05903284487905
1689,healthcare,3.63812006999352
1690,healthcare,3.2904127065868343
1691,healthcare,11.452626069059525
1692,transport,9.349692174276113
1693,healthcare,1.708680240275909
1694,security,2.536654543960623
1695,healthcare,5.114802986875416
1696,transport,1.6777609407204102
1697,security,8.970784442606428
1698,security,4.750252894783637
1699,transport,6.8799615169315995
1700,healthcare,0.9425817783576735
1701,security,8.790039044442866
1702,healthcare,6.00606232041556
1703,fire_disaster,7.813625509944851
1704,fire_disaster,10.652394820354976
1705,transport,7.532028436150305
1706,healthcare,3.1488651682196926
1707,healthcare,4.842878315556806
1708,security,5.872035087113949
1709,security,8.108481867440567
1710,security,3.3563471792482398
1711,security,8.10598528529681
1712,fire_disaster,5.6997723317347075
1713,healthcare,2.980214033926298
1714,healthcare,1.3551571528777333
1715,security,2.956839389421668
1716,transport,7.561079263867013
1717,security,8.184440589292864
1718,security,8.432298626079204
1719,healthcare,5.394907439314417
1720,healthcare,2.0487354767700188
1721,security,6.532196125077591
1722,security,3.7542002663968437
1723,security,16.12761066357368
1724,security,16.005891142146584
1725,healthcare,3.0080990130795526
1726,security,0.6693837856807107
1727,healthcare,3.57370767636888
1728,security,8.381147012869182
1729,fire_disaster,3.127320472086928
1730,healthcare,4.5327225128073865
1731,healthcare,1.0561656489992275
1732,security,4.229879051062453
1733,transport,11.860095148952865
1734,security,7.0031800282147305
1735,security,9.301753448732264
1736,transport,5.2977766597288065
1737,security,1.4444478407817052
1738,healthcare,3.8728275536235928
1739,healthcare,4.035557695034563
1740,security,2.572554637554279
1741,fire_disaster,5.766785319428888
1742,transport,6.999503518420549
1743,transport,5.093383037354104
1744,healthcare,2.304936695144355
1745,fire_disaster,6.6340284280222805
1746,security,5.264370430487036
1747,transport,4.662245339542165
1748,security,5.097980214074727
1749,healthcare,11.975413059225849
1750,healthcare,5.744267662191148
1751,fire_disaster,12.809966245309962
1752,security,10.110905438427608
1753,healthcare,8.726708979026553
1754,security,4.171435834241851
1755,healthcare,2.781827793476594
1756,security,5.297794302456989
1757,transport,7.176731224329912
1758,security,5.460697570629544
1759,security,3.249421867210121
1760,security,8.83131440148132
1761,security,7.435706059945691
1762,fire_disaster,8.97576237936343
1763,healthcare,3.148830741114397
1764,security,8.597808527111225
1765,security,4.1352733835573
1766,transport,7.564755302034638
1767,security,2.675762766106114
1768,healthcare,2.706605677831355
1769,fire_disaster,0.32402064382531653
1770,healthcare,12.84702755310535
1771,fire_disaster,12.421359450101898
1772,healthcare,1.4001015894041595
1773,healthcare,6.378016378036622
1774,fire_disaster,4.38290325037256
1775,healthcare,4.970716484978152
1776,security,14.238357282136095
1777,healthcare,7.941162605202923
1778,security,0.7760449611367614
1779,healthcare,8.462312683418574
1780,healthcare,6.492681171942436
1781,security,6.176003031857753
1782,security,4.602827754815976
1783,security,6.741704363568871
1784,security,3.596561048786946
1785,transport,7.013615906033879
1786,fire_disaster,19.512985134536617
1787,healthcare,3.6646192755745597
1788,healthcare,8.846434952086542
1789,fire_disaster,13.155930438803194
1790,security,0.5968064567718974
1791,transport,7.5464790285564805
1792,fire_disaster,4.457802248684913
1793,security,3.878837812147214
1794,healthcare,3.7061391565773723
1795,healthcare,5.395142878267729
1796,fire_disaster,5.684571956660933
1797,fire_disaster,3.9236342398083814
1798,healthcare,11.649644740605169
1799,healthcare,3.5457495359295867
1800,transport,7.5430028811914
1801,healthcare,1.225629617521522
1802,fire_disaster,10.057796190570006
1803,security,12.676921606569358
1804,healthcare,3.572489549876276
1805,healthcare,8.891768228726638
1806,security,5.970216398799499
1807,security,4.027244479038828
1808,transport,3.930028206282024
1809,transport,10.808523434723933
1810,healthcare,2.0788156326867018
1811,fire_disaster,9.502159483641078
1812,healthcare,5.927270942163911
1813,healthcare,8.693869386146952
1814,security,4.195599459173116
1815,healthcare,2.2488764999816246
1816,fire_disaster,13.288059144518135
1817,healthcare,12.35481771789631
1818,fire_disaster,12.415152773150247
1819,fire_disaster,7.4238176773701765
1820,healthcare,5.498646645342115
1821,security,11.41582667867912
1822,healthcare,3.1905999285151903
1823,healthcare,5.396302216893199
1824,security,1.7841500697950603
1825,transport,3.095697458526258
1826,healthcare,2.7714322872018777
1827,security,10.43379577207177
1828,transport,5.200586976194448
1829,security,8.044781398809706
1830,security,6.417087136915856
1831,security,4.858799109181947
1832,fire_disaster,8.815905981524308
1833,transport,2.3390745043426704
1834,healthcare,2.0384612822893797
1835,healthcare,10.2020448747565
1836,security,1.8502713890853433
1837,security,3.9806514406776654
1838,healthcare,2.7072185349067595
1839,security,15.364143779820365
1840,security,1.4613792868954882
1841,fire_disaster,11.890573592086735
1842,security,12.230100768046594
1843,security,3.755290452048416
1844,transport,10.82578318297349
1845,healthcare,5.732304899217505
1846,healthcare,11.649644740605169
1847,transport,3.9552342915732184
1848,security,4.891403773482841
1849,security,5.430441305933069
1850,healthcare,2.980214033926298
1851,healthcare,6.190746712825728
1852,healthcare,5.715490838278494
1853,security,17.870827517478613
1854,security,5.5669797221685835
1855,security,3.4123265626732033
1856,healthcare,2.9534798650029246
1857,transport,7.756352683060044
1858,transport,4.218218730857226
1859,transport,4.66719956366455
1860,security,0.20258907990697114
1861,transport,6.08572967826447
1862,security,7.2390827242201965
1863,security,2.1271118312317494
1864,security,3.1467160541105264
1865,transport,5.6148369580227575
1866,security,4.997624021497251
1867,fire_disaster,6.528750849532901
1868,fire_disaster,6.369352106651174
1869,fire_disaster,8.828094676449355
1870,security,8.83335895199271
1871,fire_disaster,5.043581955010205
1872,security,19.170262280947632
1873,transport,3.77729134479308
1874,healthcare,11.649644740605169
1875,security,6.501737024196982
1876,security,3.788791080506157
1877,healthcare,7.451265596968043
1878,healthcare,1.3551571528777333
1879,security,4.742617010718101
1880,transport,4.924535292169698
1881,healthcare,11.07641602114645
1882,security,12.986706841558247
1883,healthcare,11.313785680040645
1884,fire_disaster,5.939179816895561
1885,healthcare,1.9210766603034386
1886,healthcare,5.013023449726045
1887,security,8.398022674863537
1888,security,4.733310480395526
1889,healthcare,5.202099846282356
1890,healthcare,4.391666484917224
1891,healthcare,10.192004027110565
1892,healthcare,8.52959877524346
1893,security,5.43762937791794
1894,healthcare,11.386407699205625
1895,healthcare,8.891768228726638
1896,fire_disaster,5.638033156541159
1897,security,11.482080181395004
1898,transport,5.546744146760006
1899,security,4.203174998558676
1900,fire_disaster,7.330336468069267
1901,healthcare,2.504764102047577
1902,healthcare,6.852006029192355
1903,healthcare,1.7935805966063847
1904,transport,5.375204947726737
1905,healthcare,3.4977118828095697
1906,fire_disaster,0.7563490282326248
1907,healthcare,4.791963083211578
1908,healthcare,1.373176208843755
1909,security,3.538254329390502
1910,fire_disaster,6.886269194799661
1911,transport,8.242939936408066
1912,security,1.8502713890853433
1913,security,8.258702381583458
1914,healthcare,2.825560528462957
1915,healthcare,4.2118930982738165
1916,security,3.21734455249104
1917,transport,11.344277592279708
1918,security,11.322176865228473
1919,healthcare,0.6391485857411268
1920,security,1.8077676233756323
1921,security,22.018880782405024
1922,transport,6.91473855506839
1923,security,2.4856343722543257
1924,fire_disaster,10.895557557761496
1925,healthcare,5.1946815129124415
1926,healthcare,2.2183525915847624
1927,transport,7.286777102040083
1928,healthcare,1.5981141962892964
1929,security,3.486937008083343
1930,healthcare,3.570420436478852
1931,fire_disaster,7.6967411104151635
1932,transport,16.04019892886058
1933,security,6.501737024196982
1934,security,0.7240480042328236
1935,security,12.833520096708432
1936,transport,7.789959139911177
1937,security,7.5416842203206365
1938,security,5.248408479435936
1939,healthcare,1.7816478811376946
1940,security,6.6856275049604745
1941,security,8.895497930818157
1942,transport,8.364987188055869
1943,healthcare,10.649321730921724
1944,fire_disaster,7.752330515760134
1945,security,11.71130546980132
1946,healthcare,2.3875630332426474
1947,security,12.593858475699351
1948,security,9.464128181172152
1949,security,10.25149043988563
1950,fire_disaster,5.629956645238571
1951,security,3.337246493251344
1952,healthcare,1.2189829343249514
1953,security,2.45096464682607
1954,security,6.137013369669646
1955,fire_disaster,13.423585147303728
1956,healthcare,4.395921838232021
1957,healthcare,12.314594376764918
1958,healthcare,9.756029822094746
1959,healthcare,4.35992648604056
1960,healthcare,0.8192199079236311
1961,security,2.974501880801038
1962,security,12.684250445670683
1963,healthcare,3.170540752902754
1964,security,1.7923331031981309
1965,healthcare,6.2450167469052635
1966,security,3.107877848611685
1967,fire_disaster,6.707807826901576
1968,fire_disaster,7.499247432739934
1969,transport,6.7516880102764345
1970,security,2.940205323325182
1971,security,3.9754270303725945
1972,security,2.9961220933174304
1973,transport,5.89171371449883
1974,healthcare,5.609254919188491
1975,security,17.420320066906523
1976,healthcare,1.2679145278009492
1977,security,7.30345687162109
1978,security,8.935244501974411
1979,security,1.8380999629237562
1980,security,13.231811475912503
1981,transport,6.04794153703377
1982,security,8.328423362239867
1983,security,2.2872648762171632
1984,security,2.940205323325182
1985,transport,5.30425116314961
1986,security,2.8156019183256444
1987,transport,3.9335301529803486
1988,security,12.239484043648275
1989,transport,7.77197161227907
1990,security,8.253919731337794
1991,fire_disaster,8.870350627756128
1992,healthcare,0.7623877024746027
1993,fire_disaster,24.579400260182965
1994,healthcare,4.079766826869997
1995,transport,7.767595510618765
1996,security,4.22155267094686
1997,healthcare,8.42891714002364
1998,healthcare,10.235211584169626
1999,healthcare,0.9425241291690092
